<?xml version="1.0" encoding="UTF-8"?>
<Patch>
	<Operation Class="PatchOperationAdd" MayRequire="erdelf.humanoidalienraces">
		<xpath>Defs/AlienRace.ThingDef_AlienRace[race and race/intelligence and race/intelligence="Humanlike"]/comps</xpath>
		<value>
			<li Class="Transmogged.CompProperties_Transmogged" />
		</value>
	</Operation>

	<Operation Class="PatchOperationAdd">
		<xpath>Defs/ThingDef[race and race/intelligence and race/intelligence="Humanlike"]/comps</xpath>
		<value>
			<li Class="Transmogged.CompProperties_Transmogged" />
		</value>
	</Operation>

	<Operation Class="PatchOperationAdd">
		<xpath>Defs/ThingDef[@Name="BasePawn"]/inspectorTabs</xpath>
		<value>
			<li>Transmogged.ITab_Pawn_Transmogged</li>
		</value>
	</Operation>
</Patch>