<?xml version="1.0" encoding="UTF-8"?>
<ModMetaData>
	<name>Transmogged</name>
	<author>Tsuyao</author>
	<description></description>
	<packageId>tsuyao.transmogged</packageId>
	<supportedVersions>
		<li>1.5</li>
	</supportedVersions>
	<modDependencies>
		<li>
			<packageId>brrainz.harmony</packageId>
			<displayName>Harmony</displayName>
			<steamWorkshopUrl>steam://url/CommunityFilePage/2009463077</steamWorkshopUrl>
			<downloadUrl>https://github.com/pardeike/HarmonyRimWorld/releases/latest</downloadUrl>
		</li>
	</modDependencies>
	<loadAfter>
		<li>brrainz.harmony</li>
		<li>Ludeon.RimWorld</li>
		<li>Ludeon.RimWorld.Royalty</li>
		<li>Ludeon.RimWorld.Ideology</li>
		<li>Ludeon.RimWorld.Biotech</li>
		<li>Ludeon.RimWorld.Anomaly</li>
		<li>erdelf.humanoidalienraces</li>
	</loadAfter>
</ModMetaData>